ID,mut_ref,Chrom,Pos,Ref,Alt,Gene,variant_ID
BCL002,17-58740749-C-T,17,58740749,C,T,PPM1D,PPM1D p.R552*
BCL002,17-7577120-C-T,17,7577120,C,T,TP53,TP53 p.R273H
BCL002,2-25464570-A-C,2,25464570,A,C,DNMT3A,DNMT3A p.L648R
BCL002,7-148508719-C-T,7,148508719,C,T,EZH2,EZH2 p.E649K
BCL002,9-21971028-C-T,9,21971028,C,T,CDKN2A,CDKN2A p.W110*
BCL003,7-55225427-C-T,7,55225427,C,T,EGFR,EGFR p.R427C
BCL004,11-116741090-C-A,11,116741090,C,A,SIK3,SIK3 p.E531*
BCL004,19-45285631-G-A,19,45285631,G,A,CBLC,CBLC p.W221*
BCL004,7-148507436-T-A,7,148507436,T,A,EZH2,EZH2 p.N673I
BCL006,4-106196361-C-A,4,106196361,C,A,TET2,TET2 p.S1565Y
